<?xml version="1.0" encoding="UTF-8"?>
<project-private xmlns="http://www.netbeans.org/ns/project-private/1">
    <editor-bookmarks xmlns="http://www.netbeans.org/ns/editor-bookmarks/2" lastBookmarkId="0"/>
    <open-files xmlns="http://www.netbeans.org/ns/projectui-open-files/2">
        <group>
            <file>file:/C:/Users/Joel_/Desktop/ESCOM/Aplicaciones%20para%20Comunicaciones%20de%20Red/Tareas/Archivo%20Datagrama/archivoDatagrama/src/enviarDatos.java</file>
            <file>file:/C:/Users/Joel_/Desktop/ESCOM/Aplicaciones%20para%20Comunicaciones%20de%20Red/Tareas/Archivo%20Datagrama/archivoDatagrama/src/cliente.java</file>
            <file>file:/C:/Users/Joel_/Desktop/ESCOM/Aplicaciones%20para%20Comunicaciones%20de%20Red/Tareas/Archivo%20Datagrama/archivoDatagrama/src/datosPaquetes.java</file>
        </group>
    </open-files>
</project-private>
